{
  "page": {
          "label": "TRANSLATE.REMOTEPI.PLUGIN_CONFIGURATION"
          },
  "sections": [
                {
                "id": "remotepi_conf",
                "element": "section",
                "label": "TRANSLATE.REMOTEPI.REMOTEPI_CONF",
                "description": "TRANSLATE.REMOTEPI.REMOTEPI_DESC",
                "icon": "fa-plug",
                "onSave": {"type":"controller", "endpoint":"miscellanea/remotepi", "method":"saveConf"},
                "saveButton": {
                              "label": "TRANSLATE.REMOTEPI.SAVE",
                              "data": [
                                      "gpio17"
                                      ]
                              },
                "content": [
                             {
                             "id": "gpio17",
                             "element": "switch",
                             "doc": "TRANSLATE.REMOTEPI.GPIO17_DOC",
                             "label": "TRANSLATE.REMOTEPI.GPIO17",
                             "value": false
                             }
                           ]
                }
              ]
}
